env,nic_mode,qos,direction,pod_config,role,throughput_mbps,retransmits,cpu_mean,ram_mean,path,latency_ms,packet_loss_pct,jitter_ms
NATIVE,NATIVE,NOQOS,none,none,server,0.0,,12.257411273486431,13646.73260960334,runs\0. NATIVE\0. NATIVE\0. SERVER\server_json\session_%1.json,,,
NATIVE,NATIVE,NOQOS,none,none,server,0.0,,12.257411273486431,13646.73260960334,runs\0. NATIVE\0. NATIVE\0. SERVER\server_json\session_%10.json,,,
NATIVE,NATIVE,NOQOS,none,none,server,0.0,,12.257411273486431,13646.73260960334,runs\0. NATIVE\0. NATIVE\0. SERVER\server_json\session_%2.json,,,
NATIVE,NATIVE,NOQOS,none,none,server,0.0,,12.257411273486431,13646.73260960334,runs\0. NATIVE\0. NATIVE\0. SERVER\server_json\session_%3.json,,,
NATIVE,NATIVE,NOQOS,none,none,server,0.0,,12.257411273486431,13646.73260960334,runs\0. NATIVE\0. NATIVE\0. SERVER\server_json\session_%4.json,,,
NATIVE,NATIVE,NOQOS,none,none,server,0.0,,12.257411273486431,13646.73260960334,runs\0. NATIVE\0. NATIVE\0. SERVER\server_json\session_%5.json,,,
NATIVE,NATIVE,NOQOS,none,none,server,0.0,,12.257411273486431,13646.73260960334,runs\0. NATIVE\0. NATIVE\0. SERVER\server_json\session_%6.json,,,
NATIVE,NATIVE,NOQOS,none,none,server,0.0,,12.257411273486431,13646.73260960334,runs\0. NATIVE\0. NATIVE\0. SERVER\server_json\session_%7.json,,,
NATIVE,NATIVE,NOQOS,none,none,server,0.0,,12.257411273486431,13646.73260960334,runs\0. NATIVE\0. NATIVE\0. SERVER\server_json\session_%8.json,,,
NATIVE,NATIVE,NOQOS,none,none,server,0.0,,12.257411273486431,13646.73260960334,runs\0. NATIVE\0. NATIVE\0. SERVER\server_json\session_%9.json,,,
VM,CROSS-HOSTS,NOQOS,none,none,server,0.0,,6.490012406947891,2432.42246898263,runs\1. VM\0. CROSS-HOSTS\0. NoQoS\0. SERVER\server_json\session_1.json,,,
VM,CROSS-HOSTS,NOQOS,none,none,server,0.0,,6.490012406947891,2432.42246898263,runs\1. VM\0. CROSS-HOSTS\0. NoQoS\0. SERVER\server_json\session_10.json,,,
VM,CROSS-HOSTS,NOQOS,none,none,server,0.0,,6.490012406947891,2432.42246898263,runs\1. VM\0. CROSS-HOSTS\0. NoQoS\0. SERVER\server_json\session_2.json,,,
VM,CROSS-HOSTS,NOQOS,none,none,server,0.0,,6.490012406947891,2432.42246898263,runs\1. VM\0. CROSS-HOSTS\0. NoQoS\0. SERVER\server_json\session_3.json,,,
VM,CROSS-HOSTS,NOQOS,none,none,server,0.0,,6.490012406947891,2432.42246898263,runs\1. VM\0. CROSS-HOSTS\0. NoQoS\0. SERVER\server_json\session_4.json,,,
VM,CROSS-HOSTS,NOQOS,none,none,server,0.0,,6.490012406947891,2432.42246898263,runs\1. VM\0. CROSS-HOSTS\0. NoQoS\0. SERVER\server_json\session_5.json,,,
VM,CROSS-HOSTS,NOQOS,none,none,server,0.0,,6.490012406947891,2432.42246898263,runs\1. VM\0. CROSS-HOSTS\0. NoQoS\0. SERVER\server_json\session_6.json,,,
VM,CROSS-HOSTS,NOQOS,none,none,server,0.0,,6.490012406947891,2432.42246898263,runs\1. VM\0. CROSS-HOSTS\0. NoQoS\0. SERVER\server_json\session_7.json,,,
VM,CROSS-HOSTS,NOQOS,none,none,server,0.0,,6.490012406947891,2432.42246898263,runs\1. VM\0. CROSS-HOSTS\0. NoQoS\0. SERVER\server_json\session_8.json,,,
VM,CROSS-HOSTS,NOQOS,none,none,server,0.0,,6.490012406947891,2432.42246898263,runs\1. VM\0. CROSS-HOSTS\0. NoQoS\0. SERVER\server_json\session_9.json,,,
VM,CROSS-HOSTS,QOS3,none,none,server,0.0,,15.159776902887138,2676.767657480315,runs\1. VM\0. CROSS-HOSTS\1. QoS3\0. SERVER\server_json\session_1.json,,,
VM,CROSS-HOSTS,QOS3,none,none,server,0.0,,15.159776902887138,2676.767657480315,runs\1. VM\0. CROSS-HOSTS\1. QoS3\0. SERVER\server_json\session_10.json,,,
VM,CROSS-HOSTS,QOS3,none,none,server,0.0,,15.159776902887138,2676.767657480315,runs\1. VM\0. CROSS-HOSTS\1. QoS3\0. SERVER\server_json\session_2.json,,,
VM,CROSS-HOSTS,QOS3,none,none,server,0.0,,15.159776902887138,2676.767657480315,runs\1. VM\0. CROSS-HOSTS\1. QoS3\0. SERVER\server_json\session_3.json,,,
VM,CROSS-HOSTS,QOS3,none,none,server,0.0,,15.159776902887138,2676.767657480315,runs\1. VM\0. CROSS-HOSTS\1. QoS3\0. SERVER\server_json\session_4.json,,,
VM,CROSS-HOSTS,QOS3,none,none,server,0.0,,15.159776902887138,2676.767657480315,runs\1. VM\0. CROSS-HOSTS\1. QoS3\0. SERVER\server_json\session_5.json,,,
VM,CROSS-HOSTS,QOS3,none,none,server,0.0,,15.159776902887138,2676.767657480315,runs\1. VM\0. CROSS-HOSTS\1. QoS3\0. SERVER\server_json\session_6.json,,,
VM,CROSS-HOSTS,QOS3,none,none,server,0.0,,15.159776902887138,2676.767657480315,runs\1. VM\0. CROSS-HOSTS\1. QoS3\0. SERVER\server_json\session_7.json,,,
VM,CROSS-HOSTS,QOS3,none,none,server,0.0,,15.159776902887138,2676.767657480315,runs\1. VM\0. CROSS-HOSTS\1. QoS3\0. SERVER\server_json\session_8.json,,,
VM,CROSS-HOSTS,QOS3,none,none,server,0.0,,15.159776902887138,2676.767657480315,runs\1. VM\0. CROSS-HOSTS\1. QoS3\0. SERVER\server_json\session_9.json,,,
VM,BRIDGED_LOCAL,NOQOS,none,none,server,0.0,,14.646454131424854,1098.9992973324659,runs\1. VM\1. BRIDGED_LOCAL\0. noQoS\0. Server\server_json\session_1.json,,,
VM,BRIDGED_LOCAL,NOQOS,none,none,server,0.0,,14.646454131424854,1098.9992973324659,runs\1. VM\1. BRIDGED_LOCAL\0. noQoS\0. Server\server_json\session_10.json,,,
VM,BRIDGED_LOCAL,NOQOS,none,none,server,0.0,,14.646454131424854,1098.9992973324659,runs\1. VM\1. BRIDGED_LOCAL\0. noQoS\0. Server\server_json\session_2.json,,,
VM,BRIDGED_LOCAL,NOQOS,none,none,server,0.0,,14.646454131424854,1098.9992973324659,runs\1. VM\1. BRIDGED_LOCAL\0. noQoS\0. Server\server_json\session_3.json,,,
VM,BRIDGED_LOCAL,NOQOS,none,none,server,0.0,,14.646454131424854,1098.9992973324659,runs\1. VM\1. BRIDGED_LOCAL\0. noQoS\0. Server\server_json\session_4.json,,,
VM,BRIDGED_LOCAL,NOQOS,none,none,server,0.0,,14.646454131424854,1098.9992973324659,runs\1. VM\1. BRIDGED_LOCAL\0. noQoS\0. Server\server_json\session_5.json,,,
VM,BRIDGED_LOCAL,NOQOS,none,none,server,0.0,,14.646454131424854,1098.9992973324659,runs\1. VM\1. BRIDGED_LOCAL\0. noQoS\0. Server\server_json\session_6.json,,,
VM,BRIDGED_LOCAL,NOQOS,none,none,server,0.0,,14.646454131424854,1098.9992973324659,runs\1. VM\1. BRIDGED_LOCAL\0. noQoS\0. Server\server_json\session_7.json,,,
VM,BRIDGED_LOCAL,NOQOS,none,none,server,0.0,,14.646454131424854,1098.9992973324659,runs\1. VM\1. BRIDGED_LOCAL\0. noQoS\0. Server\server_json\session_8.json,,,
VM,BRIDGED_LOCAL,NOQOS,none,none,server,0.0,,14.646454131424854,1098.9992973324659,runs\1. VM\1. BRIDGED_LOCAL\0. noQoS\0. Server\server_json\session_9.json,,,
VM,BRIDGED_LOCAL,QOS1 C-_S,cs,none,server,0.0,,1.6187760778859526,1267.3748400556328,runs\1. VM\1. BRIDGED_LOCAL\1. QoS1 C-_S\0. Server\server_json\session_1.json,,,
VM,BRIDGED_LOCAL,QOS1 C-_S,cs,none,server,0.0,,1.6187760778859526,1267.3748400556328,runs\1. VM\1. BRIDGED_LOCAL\1. QoS1 C-_S\0. Server\server_json\session_10.json,,,
VM,BRIDGED_LOCAL,QOS1 C-_S,cs,none,server,0.0,,1.6187760778859526,1267.3748400556328,runs\1. VM\1. BRIDGED_LOCAL\1. QoS1 C-_S\0. Server\server_json\session_2.json,,,
VM,BRIDGED_LOCAL,QOS1 C-_S,cs,none,server,0.0,,1.6187760778859526,1267.3748400556328,runs\1. VM\1. BRIDGED_LOCAL\1. QoS1 C-_S\0. Server\server_json\session_3.json,,,
VM,BRIDGED_LOCAL,QOS1 C-_S,cs,none,server,0.0,,1.6187760778859526,1267.3748400556328,runs\1. VM\1. BRIDGED_LOCAL\1. QoS1 C-_S\0. Server\server_json\session_4.json,,,
VM,BRIDGED_LOCAL,QOS1 C-_S,cs,none,server,0.0,,1.6187760778859526,1267.3748400556328,runs\1. VM\1. BRIDGED_LOCAL\1. QoS1 C-_S\0. Server\server_json\session_5.json,,,
VM,BRIDGED_LOCAL,QOS1 C-_S,cs,none,server,0.0,,1.6187760778859526,1267.3748400556328,runs\1. VM\1. BRIDGED_LOCAL\1. QoS1 C-_S\0. Server\server_json\session_6.json,,,
VM,BRIDGED_LOCAL,QOS1 C-_S,cs,none,server,0.0,,1.6187760778859526,1267.3748400556328,runs\1. VM\1. BRIDGED_LOCAL\1. QoS1 C-_S\0. Server\server_json\session_7.json,,,
VM,BRIDGED_LOCAL,QOS1 C-_S,cs,none,server,0.0,,1.6187760778859526,1267.3748400556328,runs\1. VM\1. BRIDGED_LOCAL\1. QoS1 C-_S\0. Server\server_json\session_8.json,,,
VM,BRIDGED_LOCAL,QOS1 C-_S,cs,none,server,0.0,,1.6187760778859526,1267.3748400556328,runs\1. VM\1. BRIDGED_LOCAL\1. QoS1 C-_S\0. Server\server_json\session_9.json,,,
VM,BRIDGED_LOCAL,QOS2 C-_S,cs,none,server,0.0,,4.746304485154769,1337.1007327858497,runs\1. VM\1. BRIDGED_LOCAL\2. QoS2 C-_S\0. Server\server_json\session_1.json,,,
VM,BRIDGED_LOCAL,QOS2 C-_S,cs,none,server,0.0,,4.746304485154769,1337.1007327858497,runs\1. VM\1. BRIDGED_LOCAL\2. QoS2 C-_S\0. Server\server_json\session_10.json,,,
VM,BRIDGED_LOCAL,QOS2 C-_S,cs,none,server,0.0,,4.746304485154769,1337.1007327858497,runs\1. VM\1. BRIDGED_LOCAL\2. QoS2 C-_S\0. Server\server_json\session_2.json,,,
VM,BRIDGED_LOCAL,QOS2 C-_S,cs,none,server,0.0,,4.746304485154769,1337.1007327858497,runs\1. VM\1. BRIDGED_LOCAL\2. QoS2 C-_S\0. Server\server_json\session_3.json,,,
VM,BRIDGED_LOCAL,QOS2 C-_S,cs,none,server,0.0,,4.746304485154769,1337.1007327858497,runs\1. VM\1. BRIDGED_LOCAL\2. QoS2 C-_S\0. Server\server_json\session_4.json,,,
VM,BRIDGED_LOCAL,QOS2 C-_S,cs,none,server,0.0,,4.746304485154769,1337.1007327858497,runs\1. VM\1. BRIDGED_LOCAL\2. QoS2 C-_S\0. Server\server_json\session_5.json,,,
VM,BRIDGED_LOCAL,QOS2 C-_S,cs,none,server,0.0,,4.746304485154769,1337.1007327858497,runs\1. VM\1. BRIDGED_LOCAL\2. QoS2 C-_S\0. Server\server_json\session_6.json,,,
VM,BRIDGED_LOCAL,QOS2 C-_S,cs,none,server,0.0,,4.746304485154769,1337.1007327858497,runs\1. VM\1. BRIDGED_LOCAL\2. QoS2 C-_S\0. Server\server_json\session_7.json,,,
VM,BRIDGED_LOCAL,QOS2 C-_S,cs,none,server,0.0,,4.746304485154769,1337.1007327858497,runs\1. VM\1. BRIDGED_LOCAL\2. QoS2 C-_S\0. Server\server_json\session_8.json,,,
VM,BRIDGED_LOCAL,QOS2 C-_S,cs,none,server,0.0,,4.746304485154769,1337.1007327858497,runs\1. VM\1. BRIDGED_LOCAL\2. QoS2 C-_S\0. Server\server_json\session_9.json,,,
VM,BRIDGED_LOCAL,QOS1 S-_C,sc,none,server,38.609276339096596,0.0,1.7916844349680172,1376.5154513148545,runs\1. VM\1. BRIDGED_LOCAL\3. QoS1 S-_C\0. Server\server_json\session_1.json,,,
VM,BRIDGED_LOCAL,QOS1 S-_C,sc,none,server,38.741761931682866,0.0,1.7916844349680172,1376.5154513148545,runs\1. VM\1. BRIDGED_LOCAL\3. QoS1 S-_C\0. Server\server_json\session_10.json,,,
VM,BRIDGED_LOCAL,QOS1 S-_C,sc,none,server,38.9524348156989,0.0,1.7916844349680172,1376.5154513148545,runs\1. VM\1. BRIDGED_LOCAL\3. QoS1 S-_C\0. Server\server_json\session_2.json,,,
VM,BRIDGED_LOCAL,QOS1 S-_C,sc,none,server,39.1465420835208,0.0,1.7916844349680172,1376.5154513148545,runs\1. VM\1. BRIDGED_LOCAL\3. QoS1 S-_C\0. Server\server_json\session_3.json,,,
VM,BRIDGED_LOCAL,QOS1 S-_C,sc,none,server,38.87357258652547,0.0,1.7916844349680172,1376.5154513148545,runs\1. VM\1. BRIDGED_LOCAL\3. QoS1 S-_C\0. Server\server_json\session_4.json,,,
VM,BRIDGED_LOCAL,QOS1 S-_C,sc,none,server,38.8882676597368,0.0,1.7916844349680172,1376.5154513148545,runs\1. VM\1. BRIDGED_LOCAL\3. QoS1 S-_C\0. Server\server_json\session_5.json,,,
VM,BRIDGED_LOCAL,QOS1 S-_C,sc,none,server,39.07802785200827,0.0,1.7916844349680172,1376.5154513148545,runs\1. VM\1. BRIDGED_LOCAL\3. QoS1 S-_C\0. Server\server_json\session_6.json,,,
VM,BRIDGED_LOCAL,QOS1 S-_C,sc,none,server,39.0111063332965,0.0,1.7916844349680172,1376.5154513148545,runs\1. VM\1. BRIDGED_LOCAL\3. QoS1 S-_C\0. Server\server_json\session_7.json,,,
VM,BRIDGED_LOCAL,QOS1 S-_C,sc,none,server,35.295398313178374,0.0,1.7916844349680172,1376.5154513148545,runs\1. VM\1. BRIDGED_LOCAL\3. QoS1 S-_C\0. Server\server_json\session_8.json,,,
VM,BRIDGED_LOCAL,QOS1 S-_C,sc,none,server,39.19028209865112,0.0,1.7916844349680172,1376.5154513148545,runs\1. VM\1. BRIDGED_LOCAL\3. QoS1 S-_C\0. Server\server_json\session_9.json,,,
VM,BRIDGED_LOCAL,QOS2 S-_C,sc,none,server,1559.8778233778169,6111.0,2.144982698961938,1370.5638546712803,runs\1. VM\1. BRIDGED_LOCAL\4. QoS2 S-_C\0. Server\server_json\session_1.json,,,
VM,BRIDGED_LOCAL,QOS2 S-_C,sc,none,server,1316.1390707794646,4639.0,2.144982698961938,1370.5638546712803,runs\1. VM\1. BRIDGED_LOCAL\4. QoS2 S-_C\0. Server\server_json\session_10.json,,,
VM,BRIDGED_LOCAL,QOS2 S-_C,sc,none,server,1461.1395570283964,2214.0,2.144982698961938,1370.5638546712803,runs\1. VM\1. BRIDGED_LOCAL\4. QoS2 S-_C\0. Server\server_json\session_2.json,,,
VM,BRIDGED_LOCAL,QOS2 S-_C,sc,none,server,1328.0701825499852,2593.0,2.144982698961938,1370.5638546712803,runs\1. VM\1. BRIDGED_LOCAL\4. QoS2 S-_C\0. Server\server_json\session_3.json,,,
VM,BRIDGED_LOCAL,QOS2 S-_C,sc,none,server,1301.8137719215981,3243.0,2.144982698961938,1370.5638546712803,runs\1. VM\1. BRIDGED_LOCAL\4. QoS2 S-_C\0. Server\server_json\session_4.json,,,
VM,BRIDGED_LOCAL,QOS2 S-_C,sc,none,server,1469.170184031766,5454.0,2.144982698961938,1370.5638546712803,runs\1. VM\1. BRIDGED_LOCAL\4. QoS2 S-_C\0. Server\server_json\session_5.json,,,
VM,BRIDGED_LOCAL,QOS2 S-_C,sc,none,server,1540.6581575370167,3074.0,2.144982698961938,1370.5638546712803,runs\1. VM\1. BRIDGED_LOCAL\4. QoS2 S-_C\0. Server\server_json\session_6.json,,,
VM,BRIDGED_LOCAL,QOS2 S-_C,sc,none,server,1774.34616849352,3846.0,2.144982698961938,1370.5638546712803,runs\1. VM\1. BRIDGED_LOCAL\4. QoS2 S-_C\0. Server\server_json\session_7.json,,,
VM,BRIDGED_LOCAL,QOS2 S-_C,sc,none,server,1412.0139977792478,3505.0,2.144982698961938,1370.5638546712803,runs\1. VM\1. BRIDGED_LOCAL\4. QoS2 S-_C\0. Server\server_json\session_8.json,,,
VM,BRIDGED_LOCAL,QOS2 S-_C,sc,none,server,1323.4298611512368,5894.0,2.144982698961938,1370.5638546712803,runs\1. VM\1. BRIDGED_LOCAL\4. QoS2 S-_C\0. Server\server_json\session_9.json,,,
VM,NAT,NOQOS,none,none,server,0.0,,14.554885404101327,1404.0524849215924,runs\1. VM\2. NAT\0. NoQoS\0. Server\server_json\session_1.json,,,
VM,NAT,NOQOS,none,none,server,0.0,,14.554885404101327,1404.0524849215924,runs\1. VM\2. NAT\0. NoQoS\0. Server\server_json\session_10.json,,,
VM,NAT,NOQOS,none,none,server,0.0,,14.554885404101327,1404.0524849215924,runs\1. VM\2. NAT\0. NoQoS\0. Server\server_json\session_2.json,,,
VM,NAT,NOQOS,none,none,server,0.0,,14.554885404101327,1404.0524849215924,runs\1. VM\2. NAT\0. NoQoS\0. Server\server_json\session_3.json,,,
VM,NAT,NOQOS,none,none,server,0.0,,14.554885404101327,1404.0524849215924,runs\1. VM\2. NAT\0. NoQoS\0. Server\server_json\session_4.json,,,
VM,NAT,NOQOS,none,none,server,0.0,,14.554885404101327,1404.0524849215924,runs\1. VM\2. NAT\0. NoQoS\0. Server\server_json\session_5.json,,,
VM,NAT,NOQOS,none,none,server,0.0,,14.554885404101327,1404.0524849215924,runs\1. VM\2. NAT\0. NoQoS\0. Server\server_json\session_6.json,,,
VM,NAT,NOQOS,none,none,server,0.0,,14.554885404101327,1404.0524849215924,runs\1. VM\2. NAT\0. NoQoS\0. Server\server_json\session_7.json,,,
VM,NAT,NOQOS,none,none,server,0.0,,14.554885404101327,1404.0524849215924,runs\1. VM\2. NAT\0. NoQoS\0. Server\server_json\session_8.json,,,
VM,NAT,NOQOS,none,none,server,0.0,,14.554885404101327,1404.0524849215924,runs\1. VM\2. NAT\0. NoQoS\0. Server\server_json\session_9.json,,,
VM,NAT,QOS1 C-_S,cs,none,server,0.0,,1.2937035417577611,1113.547590730214,runs\1. VM\2. NAT\1. QoS1 C-_S\0. Server\server_json\session_1.json,,,
VM,NAT,QOS1 C-_S,cs,none,server,0.0,,1.2937035417577611,1113.547590730214,runs\1. VM\2. NAT\1. QoS1 C-_S\0. Server\server_json\session_10.json,,,
VM,NAT,QOS1 C-_S,cs,none,server,0.0,,1.2937035417577611,1113.547590730214,runs\1. VM\2. NAT\1. QoS1 C-_S\0. Server\server_json\session_2.json,,,
VM,NAT,QOS1 C-_S,cs,none,server,0.0,,1.2937035417577611,1113.547590730214,runs\1. VM\2. NAT\1. QoS1 C-_S\0. Server\server_json\session_3.json,,,
VM,NAT,QOS1 C-_S,cs,none,server,0.0,,1.2937035417577611,1113.547590730214,runs\1. VM\2. NAT\1. QoS1 C-_S\0. Server\server_json\session_4.json,,,
VM,NAT,QOS1 C-_S,cs,none,server,0.0,,1.2937035417577611,1113.547590730214,runs\1. VM\2. NAT\1. QoS1 C-_S\0. Server\server_json\session_5.json,,,
VM,NAT,QOS1 C-_S,cs,none,server,0.0,,1.2937035417577611,1113.547590730214,runs\1. VM\2. NAT\1. QoS1 C-_S\0. Server\server_json\session_6.json,,,
VM,NAT,QOS1 C-_S,cs,none,server,0.0,,1.2937035417577611,1113.547590730214,runs\1. VM\2. NAT\1. QoS1 C-_S\0. Server\server_json\session_7.json,,,
VM,NAT,QOS1 C-_S,cs,none,server,0.0,,1.2937035417577611,1113.547590730214,runs\1. VM\2. NAT\1. QoS1 C-_S\0. Server\server_json\session_8.json,,,
VM,NAT,QOS1 C-_S,cs,none,server,0.0,,1.2937035417577611,1113.547590730214,runs\1. VM\2. NAT\1. QoS1 C-_S\0. Server\server_json\session_9.json,,,
VM,NAT,QOS2 C-_S,cs,none,server,0.0,,4.115874730021598,1279.7430021598273,runs\1. VM\2. NAT\2. QoS2 C-_S\0. Server\server_json\session_1.json,,,
VM,NAT,QOS2 C-_S,cs,none,server,0.0,,4.115874730021598,1279.7430021598273,runs\1. VM\2. NAT\2. QoS2 C-_S\0. Server\server_json\session_10.json,,,
VM,NAT,QOS2 C-_S,cs,none,server,0.0,,4.115874730021598,1279.7430021598273,runs\1. VM\2. NAT\2. QoS2 C-_S\0. Server\server_json\session_2.json,,,
VM,NAT,QOS2 C-_S,cs,none,server,0.0,,4.115874730021598,1279.7430021598273,runs\1. VM\2. NAT\2. QoS2 C-_S\0. Server\server_json\session_3.json,,,
VM,NAT,QOS2 C-_S,cs,none,server,0.0,,4.115874730021598,1279.7430021598273,runs\1. VM\2. NAT\2. QoS2 C-_S\0. Server\server_json\session_4.json,,,
VM,NAT,QOS2 C-_S,cs,none,server,0.0,,4.115874730021598,1279.7430021598273,runs\1. VM\2. NAT\2. QoS2 C-_S\0. Server\server_json\session_5.json,,,
VM,NAT,QOS2 C-_S,cs,none,server,0.0,,4.115874730021598,1279.7430021598273,runs\1. VM\2. NAT\2. QoS2 C-_S\0. Server\server_json\session_6.json,,,
VM,NAT,QOS2 C-_S,cs,none,server,0.0,,4.115874730021598,1279.7430021598273,runs\1. VM\2. NAT\2. QoS2 C-_S\0. Server\server_json\session_7.json,,,
VM,NAT,QOS2 C-_S,cs,none,server,0.0,,4.115874730021598,1279.7430021598273,runs\1. VM\2. NAT\2. QoS2 C-_S\0. Server\server_json\session_8.json,,,
VM,NAT,QOS2 C-_S,cs,none,server,0.0,,4.115874730021598,1279.7430021598273,runs\1. VM\2. NAT\2. QoS2 C-_S\0. Server\server_json\session_9.json,,,
VM,NAT,QOS1 S-_C,sc,none,server,38.86741695481117,0.0,1.3518324607329844,1311.1327806864456,runs\1. VM\2. NAT\3. QoS1 S-_C\0. Server\server_json\session_1.json,,,
VM,NAT,QOS1 S-_C,sc,none,server,38.786027323943145,0.0,1.3518324607329844,1311.1327806864456,runs\1. VM\2. NAT\3. QoS1 S-_C\0. Server\server_json\session_10.json,,,
VM,NAT,QOS1 S-_C,sc,none,server,38.88335815310791,0.0,1.3518324607329844,1311.1327806864456,runs\1. VM\2. NAT\3. QoS1 S-_C\0. Server\server_json\session_2.json,,,
VM,NAT,QOS1 S-_C,sc,none,server,38.873593342692466,0.0,1.3518324607329844,1311.1327806864456,runs\1. VM\2. NAT\3. QoS1 S-_C\0. Server\server_json\session_3.json,,,
VM,NAT,QOS1 S-_C,sc,none,server,38.87759627290287,0.0,1.3518324607329844,1311.1327806864456,runs\1. VM\2. NAT\3. QoS1 S-_C\0. Server\server_json\session_4.json,,,
VM,NAT,QOS1 S-_C,sc,none,server,39.009640221699996,0.0,1.3518324607329844,1311.1327806864456,runs\1. VM\2. NAT\3. QoS1 S-_C\0. Server\server_json\session_5.json,,,
VM,NAT,QOS1 S-_C,sc,none,server,39.01397358894675,0.0,1.3518324607329844,1311.1327806864456,runs\1. VM\2. NAT\3. QoS1 S-_C\0. Server\server_json\session_6.json,,,
VM,NAT,QOS1 S-_C,sc,none,server,39.31721731650609,0.0,1.3518324607329844,1311.1327806864456,runs\1. VM\2. NAT\3. QoS1 S-_C\0. Server\server_json\session_7.json,,,
VM,NAT,QOS1 S-_C,sc,none,server,39.07368093768043,0.0,1.3518324607329844,1311.1327806864456,runs\1. VM\2. NAT\3. QoS1 S-_C\0. Server\server_json\session_8.json,,,
VM,NAT,QOS1 S-_C,sc,none,server,38.86859134571537,0.0,1.3518324607329844,1311.1327806864456,runs\1. VM\2. NAT\3. QoS1 S-_C\0. Server\server_json\session_9.json,,,
VM,NAT,QOS2 S-_C,sc,none,server,800.3790699022104,4976.0,8.059742734635542,1297.406893758933,runs\1. VM\2. NAT\4. QoS2 S-_C\0. Server\server_json\session_1.json,,,
VM,NAT,QOS2 S-_C,sc,none,server,636.7874714800046,2913.0,8.059742734635542,1297.406893758933,runs\1. VM\2. NAT\4. QoS2 S-_C\0. Server\server_json\session_10.json,,,
VM,NAT,QOS2 S-_C,sc,none,server,1656.4549561483952,2942.0,8.059742734635542,1297.406893758933,runs\1. VM\2. NAT\4. QoS2 S-_C\0. Server\server_json\session_2.json,,,
VM,NAT,QOS2 S-_C,sc,none,server,1157.2676694761788,5837.0,8.059742734635542,1297.406893758933,runs\1. VM\2. NAT\4. QoS2 S-_C\0. Server\server_json\session_3.json,,,
VM,NAT,QOS2 S-_C,sc,none,server,1438.321349487116,3555.0,8.059742734635542,1297.406893758933,runs\1. VM\2. NAT\4. QoS2 S-_C\0. Server\server_json\session_4.json,,,
VM,NAT,QOS2 S-_C,sc,none,server,1570.9526137708235,4511.0,8.059742734635542,1297.406893758933,runs\1. VM\2. NAT\4. QoS2 S-_C\0. Server\server_json\session_5.json,,,
VM,NAT,QOS2 S-_C,sc,none,server,1481.5623001197753,3240.0,8.059742734635542,1297.406893758933,runs\1. VM\2. NAT\4. QoS2 S-_C\0. Server\server_json\session_6.json,,,
VM,NAT,QOS2 S-_C,sc,none,server,483.9449851464318,5436.0,8.059742734635542,1297.406893758933,runs\1. VM\2. NAT\4. QoS2 S-_C\0. Server\server_json\session_7.json,,,
VM,NAT,QOS2 S-_C,sc,none,server,1140.9470364495344,4417.0,8.059742734635542,1297.406893758933,runs\1. VM\2. NAT\4. QoS2 S-_C\0. Server\server_json\session_8.json,,,
VM,NAT,QOS2 S-_C,sc,none,server,1626.704639037667,2867.0,8.059742734635542,1297.406893758933,runs\1. VM\2. NAT\4. QoS2 S-_C\0. Server\server_json\session_9.json,,,
VM,HOST-ONLY,NOQOS,none,none,server,0.0,,12.675892857142857,1344.1540654761905,runs\1. VM\3. HOST-ONLY\0. NoQoS\0. Server\server_json\session_1.json,,,
VM,HOST-ONLY,NOQOS,none,none,server,0.0,,12.675892857142857,1344.1540654761905,runs\1. VM\3. HOST-ONLY\0. NoQoS\0. Server\server_json\session_10.json,,,
VM,HOST-ONLY,NOQOS,none,none,server,0.0,,12.675892857142857,1344.1540654761905,runs\1. VM\3. HOST-ONLY\0. NoQoS\0. Server\server_json\session_2.json,,,
VM,HOST-ONLY,NOQOS,none,none,server,0.0,,12.675892857142857,1344.1540654761905,runs\1. VM\3. HOST-ONLY\0. NoQoS\0. Server\server_json\session_3.json,,,
VM,HOST-ONLY,NOQOS,none,none,server,0.0,,12.675892857142857,1344.1540654761905,runs\1. VM\3. HOST-ONLY\0. NoQoS\0. Server\server_json\session_4.json,,,
VM,HOST-ONLY,NOQOS,none,none,server,0.0,,12.675892857142857,1344.1540654761905,runs\1. VM\3. HOST-ONLY\0. NoQoS\0. Server\server_json\session_5.json,,,
VM,HOST-ONLY,NOQOS,none,none,server,0.0,,12.675892857142857,1344.1540654761905,runs\1. VM\3. HOST-ONLY\0. NoQoS\0. Server\server_json\session_6.json,,,
VM,HOST-ONLY,NOQOS,none,none,server,0.0,,12.675892857142857,1344.1540654761905,runs\1. VM\3. HOST-ONLY\0. NoQoS\0. Server\server_json\session_7.json,,,
VM,HOST-ONLY,NOQOS,none,none,server,0.0,,12.675892857142857,1344.1540654761905,runs\1. VM\3. HOST-ONLY\0. NoQoS\0. Server\server_json\session_8.json,,,
VM,HOST-ONLY,NOQOS,none,none,server,0.0,,12.675892857142857,1344.1540654761905,runs\1. VM\3. HOST-ONLY\0. NoQoS\0. Server\server_json\session_9.json,,,
VM,HOST-ONLY,QOS1 C-_S,cs,none,server,0.0,,1.5030996309963098,1368.8268265682657,runs\1. VM\3. HOST-ONLY\1. QoS1 C-_S\0. Server\server_json\session_1.json,,,
VM,HOST-ONLY,QOS1 C-_S,cs,none,server,0.0,,1.5030996309963098,1368.8268265682657,runs\1. VM\3. HOST-ONLY\1. QoS1 C-_S\0. Server\server_json\session_10.json,,,
VM,HOST-ONLY,QOS1 C-_S,cs,none,server,0.0,,1.5030996309963098,1368.8268265682657,runs\1. VM\3. HOST-ONLY\1. QoS1 C-_S\0. Server\server_json\session_2.json,,,
VM,HOST-ONLY,QOS1 C-_S,cs,none,server,0.0,,1.5030996309963098,1368.8268265682657,runs\1. VM\3. HOST-ONLY\1. QoS1 C-_S\0. Server\server_json\session_3.json,,,
VM,HOST-ONLY,QOS1 C-_S,cs,none,server,0.0,,1.5030996309963098,1368.8268265682657,runs\1. VM\3. HOST-ONLY\1. QoS1 C-_S\0. Server\server_json\session_4.json,,,
VM,HOST-ONLY,QOS1 C-_S,cs,none,server,0.0,,1.5030996309963098,1368.8268265682657,runs\1. VM\3. HOST-ONLY\1. QoS1 C-_S\0. Server\server_json\session_5.json,,,
VM,HOST-ONLY,QOS1 C-_S,cs,none,server,0.0,,1.5030996309963098,1368.8268265682657,runs\1. VM\3. HOST-ONLY\1. QoS1 C-_S\0. Server\server_json\session_6.json,,,
VM,HOST-ONLY,QOS1 C-_S,cs,none,server,0.0,,1.5030996309963098,1368.8268265682657,runs\1. VM\3. HOST-ONLY\1. QoS1 C-_S\0. Server\server_json\session_7.json,,,
VM,HOST-ONLY,QOS1 C-_S,cs,none,server,0.0,,1.5030996309963098,1368.8268265682657,runs\1. VM\3. HOST-ONLY\1. QoS1 C-_S\0. Server\server_json\session_8.json,,,
VM,HOST-ONLY,QOS1 C-_S,cs,none,server,0.0,,1.5030996309963098,1368.8268265682657,runs\1. VM\3. HOST-ONLY\1. QoS1 C-_S\0. Server\server_json\session_9.json,,,
VM,HOST-ONLY,QOS2 C-_S,cs,none,server,0.0,,3.766087516087516,1392.132097812098,runs\1. VM\3. HOST-ONLY\2. QoS2 C-_S\0. Server\server_json\session_1.json,,,
VM,HOST-ONLY,QOS2 C-_S,cs,none,server,0.0,,3.766087516087516,1392.132097812098,runs\1. VM\3. HOST-ONLY\2. QoS2 C-_S\0. Server\server_json\session_10.json,,,
VM,HOST-ONLY,QOS2 C-_S,cs,none,server,0.0,,3.766087516087516,1392.132097812098,runs\1. VM\3. HOST-ONLY\2. QoS2 C-_S\0. Server\server_json\session_2.json,,,
VM,HOST-ONLY,QOS2 C-_S,cs,none,server,0.0,,3.766087516087516,1392.132097812098,runs\1. VM\3. HOST-ONLY\2. QoS2 C-_S\0. Server\server_json\session_3.json,,,
VM,HOST-ONLY,QOS2 C-_S,cs,none,server,0.0,,3.766087516087516,1392.132097812098,runs\1. VM\3. HOST-ONLY\2. QoS2 C-_S\0. Server\server_json\session_4.json,,,
VM,HOST-ONLY,QOS2 C-_S,cs,none,server,0.0,,3.766087516087516,1392.132097812098,runs\1. VM\3. HOST-ONLY\2. QoS2 C-_S\0. Server\server_json\session_5.json,,,
VM,HOST-ONLY,QOS2 C-_S,cs,none,server,0.0,,3.766087516087516,1392.132097812098,runs\1. VM\3. HOST-ONLY\2. QoS2 C-_S\0. Server\server_json\session_6.json,,,
VM,HOST-ONLY,QOS2 C-_S,cs,none,server,0.0,,3.766087516087516,1392.132097812098,runs\1. VM\3. HOST-ONLY\2. QoS2 C-_S\0. Server\server_json\session_7.json,,,
VM,HOST-ONLY,QOS2 C-_S,cs,none,server,0.0,,3.766087516087516,1392.132097812098,runs\1. VM\3. HOST-ONLY\2. QoS2 C-_S\0. Server\server_json\session_8.json,,,
VM,HOST-ONLY,QOS2 C-_S,cs,none,server,0.0,,3.766087516087516,1392.132097812098,runs\1. VM\3. HOST-ONLY\2. QoS2 C-_S\0. Server\server_json\session_9.json,,,
VM,HOST-ONLY,QOS1 S-_C,sc,none,server,38.515101045304284,0.0,2.019893899204244,1373.5162931034486,runs\1. VM\3. HOST-ONLY\3. QoS1 S-_C\0. Server\server_json\session_1.json,,,
VM,HOST-ONLY,QOS1 S-_C,sc,none,server,38.87204718623876,0.0,2.019893899204244,1373.5162931034486,runs\1. VM\3. HOST-ONLY\3. QoS1 S-_C\0. Server\server_json\session_10.json,,,
VM,HOST-ONLY,QOS1 S-_C,sc,none,server,38.595963427835244,0.0,2.019893899204244,1373.5162931034486,runs\1. VM\3. HOST-ONLY\3. QoS1 S-_C\0. Server\server_json\session_2.json,,,
VM,HOST-ONLY,QOS1 S-_C,sc,none,server,38.74516505847076,0.0,2.019893899204244,1373.5162931034486,runs\1. VM\3. HOST-ONLY\3. QoS1 S-_C\0. Server\server_json\session_3.json,,,
VM,HOST-ONLY,QOS1 S-_C,sc,none,server,38.80383953406047,0.0,2.019893899204244,1373.5162931034486,runs\1. VM\3. HOST-ONLY\3. QoS1 S-_C\0. Server\server_json\session_4.json,,,
VM,HOST-ONLY,QOS1 S-_C,sc,none,server,38.73537739516385,0.0,2.019893899204244,1373.5162931034486,runs\1. VM\3. HOST-ONLY\3. QoS1 S-_C\0. Server\server_json\session_5.json,,,
VM,HOST-ONLY,QOS1 S-_C,sc,none,server,38.73013415499414,0.0,2.019893899204244,1373.5162931034486,runs\1. VM\3. HOST-ONLY\3. QoS1 S-_C\0. Server\server_json\session_6.json,,,
VM,HOST-ONLY,QOS1 S-_C,sc,none,server,33.70470895347658,3.0,2.019893899204244,1373.5162931034486,runs\1. VM\3. HOST-ONLY\3. QoS1 S-_C\0. Server\server_json\session_7.json,,,
VM,HOST-ONLY,QOS1 S-_C,sc,none,server,39.0457438562758,0.0,2.019893899204244,1373.5162931034486,runs\1. VM\3. HOST-ONLY\3. QoS1 S-_C\0. Server\server_json\session_8.json,,,
VM,HOST-ONLY,QOS1 S-_C,sc,none,server,39.048951946411385,0.0,2.019893899204244,1373.5162931034486,runs\1. VM\3. HOST-ONLY\3. QoS1 S-_C\0. Server\server_json\session_9.json,,,
VM,HOST-ONLY,QOS2 S-_C,sc,none,server,1163.0710082113985,5977.0,1.9952883263009846,1316.635,runs\1. VM\3. HOST-ONLY\4. QoS2 S-_C\0. Server\server_json\session_1.json,,,
VM,HOST-ONLY,QOS2 S-_C,sc,none,server,1131.5682930213359,5379.0,1.9952883263009846,1316.635,runs\1. VM\3. HOST-ONLY\4. QoS2 S-_C\0. Server\server_json\session_10.json,,,
VM,HOST-ONLY,QOS2 S-_C,sc,none,server,1279.2768166737617,9121.0,1.9952883263009846,1316.635,runs\1. VM\3. HOST-ONLY\4. QoS2 S-_C\0. Server\server_json\session_2.json,,,
VM,HOST-ONLY,QOS2 S-_C,sc,none,server,975.9741247556519,4793.0,1.9952883263009846,1316.635,runs\1. VM\3. HOST-ONLY\4. QoS2 S-_C\0. Server\server_json\session_3.json,,,
VM,HOST-ONLY,QOS2 S-_C,sc,none,server,1436.3465943855915,4692.0,1.9952883263009846,1316.635,runs\1. VM\3. HOST-ONLY\4. QoS2 S-_C\0. Server\server_json\session_4.json,,,
VM,HOST-ONLY,QOS2 S-_C,sc,none,server,1681.7041434371442,2556.0,1.9952883263009846,1316.635,runs\1. VM\3. HOST-ONLY\4. QoS2 S-_C\0. Server\server_json\session_5.json,,,
VM,HOST-ONLY,QOS2 S-_C,sc,none,server,1229.802269834255,5827.0,1.9952883263009846,1316.635,runs\1. VM\3. HOST-ONLY\4. QoS2 S-_C\0. Server\server_json\session_6.json,,,
VM,HOST-ONLY,QOS2 S-_C,sc,none,server,1225.6499221445265,6158.0,1.9952883263009846,1316.635,runs\1. VM\3. HOST-ONLY\4. QoS2 S-_C\0. Server\server_json\session_7.json,,,
VM,HOST-ONLY,QOS2 S-_C,sc,none,server,1352.8272636821355,9010.0,1.9952883263009846,1316.635,runs\1. VM\3. HOST-ONLY\4. QoS2 S-_C\0. Server\server_json\session_8.json,,,
VM,HOST-ONLY,QOS2 S-_C,sc,none,server,1457.111454719813,4277.0,1.9952883263009846,1316.635,runs\1. VM\3. HOST-ONLY\4. QoS2 S-_C\0. Server\server_json\session_9.json,,,
DOCKER,BRIDGED,NOQOS,none,none,server,0.0,,21.75827196858125,1457.6543249877268,runs\2. DOCKER\0. BRIDGED\0. NoQoS\0. Server\server_json\session_1.json,,,
DOCKER,BRIDGED,NOQOS,none,none,server,0.0,,21.75827196858125,1457.6543249877268,runs\2. DOCKER\0. BRIDGED\0. NoQoS\0. Server\server_json\session_10.json,,,
DOCKER,BRIDGED,NOQOS,none,none,server,0.0,,21.75827196858125,1457.6543249877268,runs\2. DOCKER\0. BRIDGED\0. NoQoS\0. Server\server_json\session_2.json,,,
DOCKER,BRIDGED,NOQOS,none,none,server,0.0,,21.75827196858125,1457.6543249877268,runs\2. DOCKER\0. BRIDGED\0. NoQoS\0. Server\server_json\session_3.json,,,
DOCKER,BRIDGED,NOQOS,none,none,server,0.0,,21.75827196858125,1457.6543249877268,runs\2. DOCKER\0. BRIDGED\0. NoQoS\0. Server\server_json\session_4.json,,,
DOCKER,BRIDGED,NOQOS,none,none,server,0.0,,21.75827196858125,1457.6543249877268,runs\2. DOCKER\0. BRIDGED\0. NoQoS\0. Server\server_json\session_5.json,,,
DOCKER,BRIDGED,NOQOS,none,none,server,0.0,,21.75827196858125,1457.6543249877268,runs\2. DOCKER\0. BRIDGED\0. NoQoS\0. Server\server_json\session_6.json,,,
DOCKER,BRIDGED,NOQOS,none,none,server,0.0,,21.75827196858125,1457.6543249877268,runs\2. DOCKER\0. BRIDGED\0. NoQoS\0. Server\server_json\session_7.json,,,
DOCKER,BRIDGED,NOQOS,none,none,server,0.0,,21.75827196858125,1457.6543249877268,runs\2. DOCKER\0. BRIDGED\0. NoQoS\0. Server\server_json\session_8.json,,,
DOCKER,BRIDGED,NOQOS,none,none,server,0.0,,21.75827196858125,1457.6543249877268,runs\2. DOCKER\0. BRIDGED\0. NoQoS\0. Server\server_json\session_9.json,,,
DOCKER,BRIDGED,QOS1 C-_S,cs,none,server,0.0,,15.853333333333335,2272.619,runs\2. DOCKER\0. BRIDGED\1. QoS1 C-_S\0. Server\server_json\session_1.json,,,
DOCKER,BRIDGED,QOS1 C-_S,cs,none,server,0.0,,15.853333333333335,2272.619,runs\2. DOCKER\0. BRIDGED\1. QoS1 C-_S\0. Server\server_json\session_10.json,,,
DOCKER,BRIDGED,QOS1 C-_S,cs,none,server,0.0,,15.853333333333335,2272.619,runs\2. DOCKER\0. BRIDGED\1. QoS1 C-_S\0. Server\server_json\session_2.json,,,
DOCKER,BRIDGED,QOS1 C-_S,cs,none,server,0.0,,15.853333333333335,2272.619,runs\2. DOCKER\0. BRIDGED\1. QoS1 C-_S\0. Server\server_json\session_3.json,,,
DOCKER,BRIDGED,QOS1 C-_S,cs,none,server,0.0,,15.853333333333335,2272.619,runs\2. DOCKER\0. BRIDGED\1. QoS1 C-_S\0. Server\server_json\session_4.json,,,
DOCKER,BRIDGED,QOS1 C-_S,cs,none,server,0.0,,15.853333333333335,2272.619,runs\2. DOCKER\0. BRIDGED\1. QoS1 C-_S\0. Server\server_json\session_5.json,,,
DOCKER,BRIDGED,QOS1 C-_S,cs,none,server,0.0,,15.853333333333335,2272.619,runs\2. DOCKER\0. BRIDGED\1. QoS1 C-_S\0. Server\server_json\session_6.json,,,
DOCKER,BRIDGED,QOS1 C-_S,cs,none,server,0.0,,15.853333333333335,2272.619,runs\2. DOCKER\0. BRIDGED\1. QoS1 C-_S\0. Server\server_json\session_7.json,,,
DOCKER,BRIDGED,QOS1 C-_S,cs,none,server,0.0,,15.853333333333335,2272.619,runs\2. DOCKER\0. BRIDGED\1. QoS1 C-_S\0. Server\server_json\session_8.json,,,
DOCKER,BRIDGED,QOS1 C-_S,cs,none,server,0.0,,15.853333333333335,2272.619,runs\2. DOCKER\0. BRIDGED\1. QoS1 C-_S\0. Server\server_json\session_9.json,,,
DOCKER,BRIDGED,QOS1 S-_C,sc,none,server,39.00483122800186,0.0,1.981437543614794,2416.440690858339,runs\2. DOCKER\0. BRIDGED\1. QoS1 S-_C\0. Server\server_json\session_1.json,,,
DOCKER,BRIDGED,QOS1 S-_C,sc,none,server,39.11111300736999,0.0,1.981437543614794,2416.440690858339,runs\2. DOCKER\0. BRIDGED\1. QoS1 S-_C\0. Server\server_json\session_10.json,,,
DOCKER,BRIDGED,QOS1 S-_C,sc,none,server,39.07529501180568,0.0,1.981437543614794,2416.440690858339,runs\2. DOCKER\0. BRIDGED\1. QoS1 S-_C\0. Server\server_json\session_2.json,,,
DOCKER,BRIDGED,QOS1 S-_C,sc,none,server,34.32114427453592,0.0,1.981437543614794,2416.440690858339,runs\2. DOCKER\0. BRIDGED\1. QoS1 S-_C\0. Server\server_json\session_3.json,,,
DOCKER,BRIDGED,QOS1 S-_C,sc,none,server,34.04337596784304,5.0,1.981437543614794,2416.440690858339,runs\2. DOCKER\0. BRIDGED\1. QoS1 S-_C\0. Server\server_json\session_4.json,,,
DOCKER,BRIDGED,QOS1 S-_C,sc,none,server,37.92149893962259,0.0,1.981437543614794,2416.440690858339,runs\2. DOCKER\0. BRIDGED\1. QoS1 S-_C\0. Server\server_json\session_5.json,,,
DOCKER,BRIDGED,QOS1 S-_C,sc,none,server,37.78322505910594,0.0,1.981437543614794,2416.440690858339,runs\2. DOCKER\0. BRIDGED\1. QoS1 S-_C\0. Server\server_json\session_6.json,,,
DOCKER,BRIDGED,QOS1 S-_C,sc,none,server,38.41101857252214,2.0,1.981437543614794,2416.440690858339,runs\2. DOCKER\0. BRIDGED\1. QoS1 S-_C\0. Server\server_json\session_7.json,,,
DOCKER,BRIDGED,QOS1 S-_C,sc,none,server,37.678218034319976,0.0,1.981437543614794,2416.440690858339,runs\2. DOCKER\0. BRIDGED\1. QoS1 S-_C\0. Server\server_json\session_8.json,,,
DOCKER,BRIDGED,QOS1 S-_C,sc,none,server,39.14428251649442,0.0,1.981437543614794,2416.440690858339,runs\2. DOCKER\0. BRIDGED\1. QoS1 S-_C\0. Server\server_json\session_9.json,,,
DOCKER,BRIDGED,QOS2 C-_S,cs,none,server,0.0,,11.826531351939108,2309.315030808264,runs\2. DOCKER\0. BRIDGED\3. QoS2 C-_S\0. Server\server_json\session_1.json,,,
DOCKER,BRIDGED,QOS2 C-_S,cs,none,server,0.0,,11.826531351939108,2309.315030808264,runs\2. DOCKER\0. BRIDGED\3. QoS2 C-_S\0. Server\server_json\session_10.json,,,
DOCKER,BRIDGED,QOS2 C-_S,cs,none,server,0.0,,11.826531351939108,2309.315030808264,runs\2. DOCKER\0. BRIDGED\3. QoS2 C-_S\0. Server\server_json\session_2.json,,,
DOCKER,BRIDGED,QOS2 C-_S,cs,none,server,0.0,,11.826531351939108,2309.315030808264,runs\2. DOCKER\0. BRIDGED\3. QoS2 C-_S\0. Server\server_json\session_3.json,,,
DOCKER,BRIDGED,QOS2 C-_S,cs,none,server,0.0,,11.826531351939108,2309.315030808264,runs\2. DOCKER\0. BRIDGED\3. QoS2 C-_S\0. Server\server_json\session_4.json,,,
DOCKER,BRIDGED,QOS2 C-_S,cs,none,server,0.0,,11.826531351939108,2309.315030808264,runs\2. DOCKER\0. BRIDGED\3. QoS2 C-_S\0. Server\server_json\session_5.json,,,
DOCKER,BRIDGED,QOS2 C-_S,cs,none,server,0.0,,11.826531351939108,2309.315030808264,runs\2. DOCKER\0. BRIDGED\3. QoS2 C-_S\0. Server\server_json\session_6.json,,,
DOCKER,BRIDGED,QOS2 C-_S,cs,none,server,0.0,,11.826531351939108,2309.315030808264,runs\2. DOCKER\0. BRIDGED\3. QoS2 C-_S\0. Server\server_json\session_7.json,,,
DOCKER,BRIDGED,QOS2 C-_S,cs,none,server,0.0,,11.826531351939108,2309.315030808264,runs\2. DOCKER\0. BRIDGED\3. QoS2 C-_S\0. Server\server_json\session_8.json,,,
DOCKER,BRIDGED,QOS2 C-_S,cs,none,server,0.0,,11.826531351939108,2309.315030808264,runs\2. DOCKER\0. BRIDGED\3. QoS2 C-_S\0. Server\server_json\session_9.json,,,
DOCKER,BRIDGED,QOS2 S-_C,sc,none,server,34702.16406534076,119.0,20.651629392971245,2485.5412268370605,runs\2. DOCKER\0. BRIDGED\4. QoS2 S-_C\0. Server\server_json\session_1.json,,,
DOCKER,BRIDGED,QOS2 S-_C,sc,none,server,12347.443016684314,2166.0,20.651629392971245,2485.5412268370605,runs\2. DOCKER\0. BRIDGED\4. QoS2 S-_C\0. Server\server_json\session_10.json,,,
DOCKER,BRIDGED,QOS2 S-_C,sc,none,server,44724.192044816,6.0,20.651629392971245,2485.5412268370605,runs\2. DOCKER\0. BRIDGED\4. QoS2 S-_C\0. Server\server_json\session_2.json,,,
DOCKER,BRIDGED,QOS2 S-_C,sc,none,server,44402.25174330029,102.0,20.651629392971245,2485.5412268370605,runs\2. DOCKER\0. BRIDGED\4. QoS2 S-_C\0. Server\server_json\session_3.json,,,
DOCKER,BRIDGED,QOS2 S-_C,sc,none,server,41679.22050455568,65.0,20.651629392971245,2485.5412268370605,runs\2. DOCKER\0. BRIDGED\4. QoS2 S-_C\0. Server\server_json\session_4.json,,,
DOCKER,BRIDGED,QOS2 S-_C,sc,none,server,38801.79951237417,21.0,20.651629392971245,2485.5412268370605,runs\2. DOCKER\0. BRIDGED\4. QoS2 S-_C\0. Server\server_json\session_5.json,,,
DOCKER,BRIDGED,QOS2 S-_C,sc,none,server,42553.93442550826,27.0,20.651629392971245,2485.5412268370605,runs\2. DOCKER\0. BRIDGED\4. QoS2 S-_C\0. Server\server_json\session_6.json,,,
DOCKER,BRIDGED,QOS2 S-_C,sc,none,server,32272.944561459506,141.0,20.651629392971245,2485.5412268370605,runs\2. DOCKER\0. BRIDGED\4. QoS2 S-_C\0. Server\server_json\session_7.json,,,
DOCKER,BRIDGED,QOS2 S-_C,sc,none,server,12737.504639975037,871.0,20.651629392971245,2485.5412268370605,runs\2. DOCKER\0. BRIDGED\4. QoS2 S-_C\0. Server\server_json\session_8.json,,,
DOCKER,BRIDGED,QOS2 S-_C,sc,none,server,12668.64787609905,1212.0,20.651629392971245,2485.5412268370605,runs\2. DOCKER\0. BRIDGED\4. QoS2 S-_C\0. Server\server_json\session_9.json,,,
DOCKER,HOST,NOQOS,none,none,server,25762.856010126645,146.0,22.564796259185037,2602.2092251169006,runs\2. DOCKER\1. HOST\0. NoQoS\0. Server\server_json\session_1.json,,,
DOCKER,HOST,NOQOS,none,none,server,36959.371744558164,39.0,22.564796259185037,2602.2092251169006,runs\2. DOCKER\1. HOST\0. NoQoS\0. Server\server_json\session_10.json,,,
DOCKER,HOST,NOQOS,none,none,server,34174.108863867405,40.0,22.564796259185037,2602.2092251169006,runs\2. DOCKER\1. HOST\0. NoQoS\0. Server\server_json\session_2.json,,,
DOCKER,HOST,NOQOS,none,none,server,34465.66658962608,113.0,22.564796259185037,2602.2092251169006,runs\2. DOCKER\1. HOST\0. NoQoS\0. Server\server_json\session_3.json,,,
DOCKER,HOST,NOQOS,none,none,server,39881.442458304766,11.0,22.564796259185037,2602.2092251169006,runs\2. DOCKER\1. HOST\0. NoQoS\0. Server\server_json\session_4.json,,,
DOCKER,HOST,NOQOS,none,none,server,41389.07412052132,35.0,22.564796259185037,2602.2092251169006,runs\2. DOCKER\1. HOST\0. NoQoS\0. Server\server_json\session_5.json,,,
DOCKER,HOST,NOQOS,none,none,server,44283.41483943397,37.0,22.564796259185037,2602.2092251169006,runs\2. DOCKER\1. HOST\0. NoQoS\0. Server\server_json\session_6.json,,,
DOCKER,HOST,NOQOS,none,none,server,45462.955674002464,84.0,22.564796259185037,2602.2092251169006,runs\2. DOCKER\1. HOST\0. NoQoS\0. Server\server_json\session_7.json,,,
DOCKER,HOST,NOQOS,none,none,server,47707.545588955145,1.0,22.564796259185037,2602.2092251169006,runs\2. DOCKER\1. HOST\0. NoQoS\0. Server\server_json\session_8.json,,,
DOCKER,HOST,NOQOS,none,none,server,40526.31717445463,36.0,22.564796259185037,2602.2092251169006,runs\2. DOCKER\1. HOST\0. NoQoS\0. Server\server_json\session_9.json,,,
DOCKER,HOST,QOS1 C-_S,cs,none,server,0.0,,19.720674846625766,2517.636331288343,runs\2. DOCKER\1. HOST\1. QoS1 C-_S\0. Server\server_json\session_1.json,,,
DOCKER,HOST,QOS1 C-_S,cs,none,server,0.0,,19.720674846625766,2517.636331288343,runs\2. DOCKER\1. HOST\1. QoS1 C-_S\0. Server\server_json\session_10.json,,,
DOCKER,HOST,QOS1 C-_S,cs,none,server,,,19.720674846625766,2517.636331288343,runs\2. DOCKER\1. HOST\1. QoS1 C-_S\0. Server\server_json\session_11.json,,,
DOCKER,HOST,QOS1 C-_S,cs,none,server,0.0,,19.720674846625766,2517.636331288343,runs\2. DOCKER\1. HOST\1. QoS1 C-_S\0. Server\server_json\session_2.json,,,
DOCKER,HOST,QOS1 C-_S,cs,none,server,0.0,,19.720674846625766,2517.636331288343,runs\2. DOCKER\1. HOST\1. QoS1 C-_S\0. Server\server_json\session_3.json,,,
DOCKER,HOST,QOS1 C-_S,cs,none,server,0.0,,19.720674846625766,2517.636331288343,runs\2. DOCKER\1. HOST\1. QoS1 C-_S\0. Server\server_json\session_4.json,,,
DOCKER,HOST,QOS1 C-_S,cs,none,server,0.0,,19.720674846625766,2517.636331288343,runs\2. DOCKER\1. HOST\1. QoS1 C-_S\0. Server\server_json\session_5.json,,,
DOCKER,HOST,QOS1 C-_S,cs,none,server,0.0,,19.720674846625766,2517.636331288343,runs\2. DOCKER\1. HOST\1. QoS1 C-_S\0. Server\server_json\session_6.json,,,
DOCKER,HOST,QOS1 C-_S,cs,none,server,0.0,,19.720674846625766,2517.636331288343,runs\2. DOCKER\1. HOST\1. QoS1 C-_S\0. Server\server_json\session_7.json,,,
DOCKER,HOST,QOS1 C-_S,cs,none,server,0.0,,19.720674846625766,2517.636331288343,runs\2. DOCKER\1. HOST\1. QoS1 C-_S\0. Server\server_json\session_8.json,,,
DOCKER,HOST,QOS1 C-_S,cs,none,server,0.0,,19.720674846625766,2517.636331288343,runs\2. DOCKER\1. HOST\1. QoS1 C-_S\0. Server\server_json\session_9.json,,,
DOCKER,HOST,QOS1 S-_C,sc,none,server,0.0,,19.720674846625766,2517.636331288343,runs\2. DOCKER\1. HOST\2. QoS1 S-_C\0. Server\server_json\session_1.json,,,
DOCKER,HOST,QOS1 S-_C,sc,none,server,38.46026064253747,0.0,19.720674846625766,2517.636331288343,runs\2. DOCKER\1. HOST\2. QoS1 S-_C\0. Server\server_json\session_10.json,,,
DOCKER,HOST,QOS1 S-_C,sc,none,server,37.12357153207214,0.0,19.720674846625766,2517.636331288343,runs\2. DOCKER\1. HOST\2. QoS1 S-_C\0. Server\server_json\session_11.json,,,
DOCKER,HOST,QOS1 S-_C,sc,none,server,38.495196925728905,0.0,19.720674846625766,2517.636331288343,runs\2. DOCKER\1. HOST\2. QoS1 S-_C\0. Server\server_json\session_12.json,,,
DOCKER,HOST,QOS1 S-_C,sc,none,server,38.65355302779343,0.0,19.720674846625766,2517.636331288343,runs\2. DOCKER\1. HOST\2. QoS1 S-_C\0. Server\server_json\session_13.json,,,
DOCKER,HOST,QOS1 S-_C,sc,none,server,38.715614986428825,0.0,19.720674846625766,2517.636331288343,runs\2. DOCKER\1. HOST\2. QoS1 S-_C\0. Server\server_json\session_14.json,,,
DOCKER,HOST,QOS1 S-_C,sc,none,server,37.64015242187128,1.0,19.720674846625766,2517.636331288343,runs\2. DOCKER\1. HOST\2. QoS1 S-_C\0. Server\server_json\session_15.json,,,
DOCKER,HOST,QOS1 S-_C,sc,none,server,38.77346347309798,0.0,19.720674846625766,2517.636331288343,runs\2. DOCKER\1. HOST\2. QoS1 S-_C\0. Server\server_json\session_16.json,,,
DOCKER,HOST,QOS1 S-_C,sc,none,server,,,19.720674846625766,2517.636331288343,runs\2. DOCKER\1. HOST\2. QoS1 S-_C\0. Server\server_json\session_17.json,,,
DOCKER,HOST,QOS1 S-_C,sc,none,server,0.0,,19.720674846625766,2517.636331288343,runs\2. DOCKER\1. HOST\2. QoS1 S-_C\0. Server\server_json\session_2.json,,,
DOCKER,HOST,QOS1 S-_C,sc,none,server,0.0,,19.720674846625766,2517.636331288343,runs\2. DOCKER\1. HOST\2. QoS1 S-_C\0. Server\server_json\session_3.json,,,
DOCKER,HOST,QOS1 S-_C,sc,none,server,0.0,,19.720674846625766,2517.636331288343,runs\2. DOCKER\1. HOST\2. QoS1 S-_C\0. Server\server_json\session_4.json,,,
DOCKER,HOST,QOS1 S-_C,sc,none,server,0.0,,19.720674846625766,2517.636331288343,runs\2. DOCKER\1. HOST\2. QoS1 S-_C\0. Server\server_json\session_5.json,,,
DOCKER,HOST,QOS1 S-_C,sc,none,server,,,19.720674846625766,2517.636331288343,runs\2. DOCKER\1. HOST\2. QoS1 S-_C\0. Server\server_json\session_6.json,,,
DOCKER,HOST,QOS1 S-_C,sc,none,server,38.382159887095845,0.0,19.720674846625766,2517.636331288343,runs\2. DOCKER\1. HOST\2. QoS1 S-_C\0. Server\server_json\session_7.json,,,
DOCKER,HOST,QOS1 S-_C,sc,none,server,38.26182116492857,0.0,19.720674846625766,2517.636331288343,runs\2. DOCKER\1. HOST\2. QoS1 S-_C\0. Server\server_json\session_8.json,,,
DOCKER,HOST,QOS1 S-_C,sc,none,server,38.662066360886335,0.0,19.720674846625766,2517.636331288343,runs\2. DOCKER\1. HOST\2. QoS1 S-_C\0. Server\server_json\session_9.json,,,
DOCKER,HOST,QOS2 C-_S,cs,none,server,0.0,,15.40312199807877,2549.622007684918,runs\2. DOCKER\1. HOST\3. QoS2 C-_S\0. Server\server_json\session_1.json,,,
DOCKER,HOST,QOS2 C-_S,cs,none,server,0.0,,15.40312199807877,2549.622007684918,runs\2. DOCKER\1. HOST\3. QoS2 C-_S\0. Server\server_json\session_10.json,,,
DOCKER,HOST,QOS2 C-_S,cs,none,server,0.0,,15.40312199807877,2549.622007684918,runs\2. DOCKER\1. HOST\3. QoS2 C-_S\0. Server\server_json\session_2.json,,,
DOCKER,HOST,QOS2 C-_S,cs,none,server,0.0,,15.40312199807877,2549.622007684918,runs\2. DOCKER\1. HOST\3. QoS2 C-_S\0. Server\server_json\session_3.json,,,
DOCKER,HOST,QOS2 C-_S,cs,none,server,0.0,,15.40312199807877,2549.622007684918,runs\2. DOCKER\1. HOST\3. QoS2 C-_S\0. Server\server_json\session_4.json,,,
DOCKER,HOST,QOS2 C-_S,cs,none,server,0.0,,15.40312199807877,2549.622007684918,runs\2. DOCKER\1. HOST\3. QoS2 C-_S\0. Server\server_json\session_5.json,,,
DOCKER,HOST,QOS2 C-_S,cs,none,server,0.0,,15.40312199807877,2549.622007684918,runs\2. DOCKER\1. HOST\3. QoS2 C-_S\0. Server\server_json\session_6.json,,,
DOCKER,HOST,QOS2 C-_S,cs,none,server,0.0,,15.40312199807877,2549.622007684918,runs\2. DOCKER\1. HOST\3. QoS2 C-_S\0. Server\server_json\session_7.json,,,
DOCKER,HOST,QOS2 C-_S,cs,none,server,0.0,,15.40312199807877,2549.622007684918,runs\2. DOCKER\1. HOST\3. QoS2 C-_S\0. Server\server_json\session_8.json,,,
DOCKER,HOST,QOS2 C-_S,cs,none,server,0.0,,15.40312199807877,2549.622007684918,runs\2. DOCKER\1. HOST\3. QoS2 C-_S\0. Server\server_json\session_9.json,,,
DOCKER,HOST,QOS2 S-_C,sc,none,server,0.0,,15.40312199807877,2549.622007684918,runs\2. DOCKER\1. HOST\3. QoS2 S-_C\0. Server\server_json\session_1.json,,,
DOCKER,HOST,QOS2 S-_C,sc,none,server,0.0,,15.40312199807877,2549.622007684918,runs\2. DOCKER\1. HOST\3. QoS2 S-_C\0. Server\server_json\session_10.json,,,
DOCKER,HOST,QOS2 S-_C,sc,none,server,0.0,,15.40312199807877,2549.622007684918,runs\2. DOCKER\1. HOST\3. QoS2 S-_C\0. Server\server_json\session_2.json,,,
DOCKER,HOST,QOS2 S-_C,sc,none,server,0.0,,15.40312199807877,2549.622007684918,runs\2. DOCKER\1. HOST\3. QoS2 S-_C\0. Server\server_json\session_3.json,,,
DOCKER,HOST,QOS2 S-_C,sc,none,server,0.0,,15.40312199807877,2549.622007684918,runs\2. DOCKER\1. HOST\3. QoS2 S-_C\0. Server\server_json\session_4.json,,,
DOCKER,HOST,QOS2 S-_C,sc,none,server,0.0,,15.40312199807877,2549.622007684918,runs\2. DOCKER\1. HOST\3. QoS2 S-_C\0. Server\server_json\session_5.json,,,
DOCKER,HOST,QOS2 S-_C,sc,none,server,0.0,,15.40312199807877,2549.622007684918,runs\2. DOCKER\1. HOST\3. QoS2 S-_C\0. Server\server_json\session_6.json,,,
DOCKER,HOST,QOS2 S-_C,sc,none,server,0.0,,15.40312199807877,2549.622007684918,runs\2. DOCKER\1. HOST\3. QoS2 S-_C\0. Server\server_json\session_7.json,,,
DOCKER,HOST,QOS2 S-_C,sc,none,server,0.0,,15.40312199807877,2549.622007684918,runs\2. DOCKER\1. HOST\3. QoS2 S-_C\0. Server\server_json\session_8.json,,,
DOCKER,HOST,QOS2 S-_C,sc,none,server,0.0,,15.40312199807877,2549.622007684918,runs\2. DOCKER\1. HOST\3. QoS2 S-_C\0. Server\server_json\session_9.json,,,
DOCKER,MACVLAN,NOQOS,none,none,server,0.0,,21.025721784776902,2092.1897637795278,runs\2. DOCKER\3. MACVLAN\0. NoQoS\0. SERVER\server_json\session_01.json,,,
DOCKER,MACVLAN,NOQOS,none,none,server,0.0,,21.025721784776902,2092.1897637795278,runs\2. DOCKER\3. MACVLAN\0. NoQoS\0. SERVER\server_json\session_02.json,,,
DOCKER,MACVLAN,NOQOS,none,none,server,0.0,,21.025721784776902,2092.1897637795278,runs\2. DOCKER\3. MACVLAN\0. NoQoS\0. SERVER\server_json\session_03.json,,,
DOCKER,MACVLAN,NOQOS,none,none,server,0.0,,21.025721784776902,2092.1897637795278,runs\2. DOCKER\3. MACVLAN\0. NoQoS\0. SERVER\server_json\session_04.json,,,
DOCKER,MACVLAN,NOQOS,none,none,server,0.0,,21.025721784776902,2092.1897637795278,runs\2. DOCKER\3. MACVLAN\0. NoQoS\0. SERVER\server_json\session_05.json,,,
DOCKER,MACVLAN,NOQOS,none,none,server,0.0,,21.025721784776902,2092.1897637795278,runs\2. DOCKER\3. MACVLAN\0. NoQoS\0. SERVER\server_json\session_06.json,,,
DOCKER,MACVLAN,NOQOS,none,none,server,0.0,,21.025721784776902,2092.1897637795278,runs\2. DOCKER\3. MACVLAN\0. NoQoS\0. SERVER\server_json\session_07.json,,,
DOCKER,MACVLAN,NOQOS,none,none,server,0.0,,21.025721784776902,2092.1897637795278,runs\2. DOCKER\3. MACVLAN\0. NoQoS\0. SERVER\server_json\session_08.json,,,
DOCKER,MACVLAN,NOQOS,none,none,server,0.0,,21.025721784776902,2092.1897637795278,runs\2. DOCKER\3. MACVLAN\0. NoQoS\0. SERVER\server_json\session_09.json,,,
DOCKER,MACVLAN,NOQOS,none,none,server,0.0,,21.025721784776902,2092.1897637795278,runs\2. DOCKER\3. MACVLAN\0. NoQoS\0. SERVER\server_json\session_10.json,,,
DOCKER,MACVLAN,QOS1 C-_S,cs,none,server,0.0,,5.051012145748987,2196.29998264893,runs\2. DOCKER\3. MACVLAN\1. QoS1 C-_S\0. SERVER\server_json\session_01.json,,,
DOCKER,MACVLAN,QOS1 C-_S,cs,none,server,0.0,,5.051012145748987,2196.29998264893,runs\2. DOCKER\3. MACVLAN\1. QoS1 C-_S\0. SERVER\server_json\session_02.json,,,
DOCKER,MACVLAN,QOS1 C-_S,cs,none,server,0.0,,5.051012145748987,2196.29998264893,runs\2. DOCKER\3. MACVLAN\1. QoS1 C-_S\0. SERVER\server_json\session_03.json,,,
DOCKER,MACVLAN,QOS1 C-_S,cs,none,server,0.0,,5.051012145748987,2196.29998264893,runs\2. DOCKER\3. MACVLAN\1. QoS1 C-_S\0. SERVER\server_json\session_04.json,,,
DOCKER,MACVLAN,QOS1 C-_S,cs,none,server,0.0,,5.051012145748987,2196.29998264893,runs\2. DOCKER\3. MACVLAN\1. QoS1 C-_S\0. SERVER\server_json\session_05.json,,,
DOCKER,MACVLAN,QOS1 C-_S,cs,none,server,0.0,,5.051012145748987,2196.29998264893,runs\2. DOCKER\3. MACVLAN\1. QoS1 C-_S\0. SERVER\server_json\session_06.json,,,
DOCKER,MACVLAN,QOS1 C-_S,cs,none,server,0.0,,5.051012145748987,2196.29998264893,runs\2. DOCKER\3. MACVLAN\1. QoS1 C-_S\0. SERVER\server_json\session_07.json,,,
DOCKER,MACVLAN,QOS1 C-_S,cs,none,server,0.0,,5.051012145748987,2196.29998264893,runs\2. DOCKER\3. MACVLAN\1. QoS1 C-_S\0. SERVER\server_json\session_08.json,,,
DOCKER,MACVLAN,QOS1 C-_S,cs,none,server,0.0,,5.051012145748987,2196.29998264893,runs\2. DOCKER\3. MACVLAN\1. QoS1 C-_S\0. SERVER\server_json\session_09.json,,,
DOCKER,MACVLAN,QOS1 C-_S,cs,none,server,0.0,,5.051012145748987,2196.29998264893,runs\2. DOCKER\3. MACVLAN\1. QoS1 C-_S\0. SERVER\server_json\session_10.json,,,
DOCKER,MACVLAN,QOS1 C-_S,cs,none,server,,,5.051012145748987,2196.29998264893,runs\2. DOCKER\3. MACVLAN\1. QoS1 C-_S\0. SERVER\server_json\session_11.json,,,
DOCKER,MACVLAN,QOS1 S-_C,sc,none,server,0.0,,13.406590257879655,2270.47361747851,runs\2. DOCKER\3. MACVLAN\2. QoS1 S-_C\0. SERVER\server_json\session_01.json,,,
DOCKER,MACVLAN,QOS1 S-_C,sc,none,server,0.0,,13.406590257879655,2270.47361747851,runs\2. DOCKER\3. MACVLAN\2. QoS1 S-_C\0. SERVER\server_json\session_02.json,,,
DOCKER,MACVLAN,QOS1 S-_C,sc,none,server,0.0,,13.406590257879655,2270.47361747851,runs\2. DOCKER\3. MACVLAN\2. QoS1 S-_C\0. SERVER\server_json\session_03.json,,,
DOCKER,MACVLAN,QOS1 S-_C,sc,none,server,0.0,,13.406590257879655,2270.47361747851,runs\2. DOCKER\3. MACVLAN\2. QoS1 S-_C\0. SERVER\server_json\session_04.json,,,
DOCKER,MACVLAN,QOS1 S-_C,sc,none,server,0.0,,13.406590257879655,2270.47361747851,runs\2. DOCKER\3. MACVLAN\2. QoS1 S-_C\0. SERVER\server_json\session_05.json,,,
DOCKER,MACVLAN,QOS1 S-_C,sc,none,server,0.0,,13.406590257879655,2270.47361747851,runs\2. DOCKER\3. MACVLAN\2. QoS1 S-_C\0. SERVER\server_json\session_06.json,,,
DOCKER,MACVLAN,QOS1 S-_C,sc,none,server,0.0,,13.406590257879655,2270.47361747851,runs\2. DOCKER\3. MACVLAN\2. QoS1 S-_C\0. SERVER\server_json\session_07.json,,,
DOCKER,MACVLAN,QOS1 S-_C,sc,none,server,0.0,,13.406590257879655,2270.47361747851,runs\2. DOCKER\3. MACVLAN\2. QoS1 S-_C\0. SERVER\server_json\session_08.json,,,
DOCKER,MACVLAN,QOS1 S-_C,sc,none,server,0.0,,13.406590257879655,2270.47361747851,runs\2. DOCKER\3. MACVLAN\2. QoS1 S-_C\0. SERVER\server_json\session_09.json,,,
DOCKER,MACVLAN,QOS1 S-_C,sc,none,server,0.0,,13.406590257879655,2270.47361747851,runs\2. DOCKER\3. MACVLAN\2. QoS1 S-_C\0. SERVER\server_json\session_10.json,,,
DOCKER,MACVLAN,QOS2 C-_S,cs,none,server,0.0,,10.986581013561743,2212.11011420414,runs\2. DOCKER\3. MACVLAN\3. QoS2 C-_S\0. SERVER\server_json\session_01.json,,,
DOCKER,MACVLAN,QOS2 C-_S,cs,none,server,0.0,,10.986581013561743,2212.11011420414,runs\2. DOCKER\3. MACVLAN\3. QoS2 C-_S\0. SERVER\server_json\session_02.json,,,
DOCKER,MACVLAN,QOS2 C-_S,cs,none,server,0.0,,10.986581013561743,2212.11011420414,runs\2. DOCKER\3. MACVLAN\3. QoS2 C-_S\0. SERVER\server_json\session_03.json,,,
DOCKER,MACVLAN,QOS2 C-_S,cs,none,server,0.0,,10.986581013561743,2212.11011420414,runs\2. DOCKER\3. MACVLAN\3. QoS2 C-_S\0. SERVER\server_json\session_04.json,,,
DOCKER,MACVLAN,QOS2 C-_S,cs,none,server,0.0,,10.986581013561743,2212.11011420414,runs\2. DOCKER\3. MACVLAN\3. QoS2 C-_S\0. SERVER\server_json\session_05.json,,,
DOCKER,MACVLAN,QOS2 C-_S,cs,none,server,0.0,,10.986581013561743,2212.11011420414,runs\2. DOCKER\3. MACVLAN\3. QoS2 C-_S\0. SERVER\server_json\session_06.json,,,
DOCKER,MACVLAN,QOS2 C-_S,cs,none,server,0.0,,10.986581013561743,2212.11011420414,runs\2. DOCKER\3. MACVLAN\3. QoS2 C-_S\0. SERVER\server_json\session_07.json,,,
DOCKER,MACVLAN,QOS2 C-_S,cs,none,server,0.0,,10.986581013561743,2212.11011420414,runs\2. DOCKER\3. MACVLAN\3. QoS2 C-_S\0. SERVER\server_json\session_08.json,,,
DOCKER,MACVLAN,QOS2 C-_S,cs,none,server,0.0,,10.986581013561743,2212.11011420414,runs\2. DOCKER\3. MACVLAN\3. QoS2 C-_S\0. SERVER\server_json\session_09.json,,,
DOCKER,MACVLAN,QOS2 C-_S,cs,none,server,0.0,,10.986581013561743,2212.11011420414,runs\2. DOCKER\3. MACVLAN\3. QoS2 C-_S\0. SERVER\server_json\session_10.json,,,
DOCKER,MACVLAN,QOS2 C-_S,cs,none,server,,,10.986581013561743,2212.11011420414,runs\2. DOCKER\3. MACVLAN\3. QoS2 C-_S\0. SERVER\server_json\session_11.json,,,
DOCKER,MACVLAN,QOS2 S-_C,sc,none,server,36.111226568020285,0.0,,,runs\2. DOCKER\3. MACVLAN\4. QoS2 S-_C\0. SERVER\server_json\session_1.json,,,
DOCKER,MACVLAN,QOS2 S-_C,sc,none,server,37.064368525750396,0.0,,,runs\2. DOCKER\3. MACVLAN\4. QoS2 S-_C\0. SERVER\server_json\session_10.json,,,
DOCKER,MACVLAN,QOS2 S-_C,sc,none,server,37.6972697204177,0.0,,,runs\2. DOCKER\3. MACVLAN\4. QoS2 S-_C\0. SERVER\server_json\session_2.json,,,
DOCKER,MACVLAN,QOS2 S-_C,sc,none,server,38.21054358882266,0.0,,,runs\2. DOCKER\3. MACVLAN\4. QoS2 S-_C\0. SERVER\server_json\session_3.json,,,
DOCKER,MACVLAN,QOS2 S-_C,sc,none,server,37.88359335841164,0.0,,,runs\2. DOCKER\3. MACVLAN\4. QoS2 S-_C\0. SERVER\server_json\session_4.json,,,
DOCKER,MACVLAN,QOS2 S-_C,sc,none,server,38.007888204169305,0.0,,,runs\2. DOCKER\3. MACVLAN\4. QoS2 S-_C\0. SERVER\server_json\session_5.json,,,
DOCKER,MACVLAN,QOS2 S-_C,sc,none,server,37.41948443044497,0.0,,,runs\2. DOCKER\3. MACVLAN\4. QoS2 S-_C\0. SERVER\server_json\session_6.json,,,
DOCKER,MACVLAN,QOS2 S-_C,sc,none,server,37.81253526145935,0.0,,,runs\2. DOCKER\3. MACVLAN\4. QoS2 S-_C\0. SERVER\server_json\session_7.json,,,
DOCKER,MACVLAN,QOS2 S-_C,sc,none,server,38.01725766144483,0.0,,,runs\2. DOCKER\3. MACVLAN\4. QoS2 S-_C\0. SERVER\server_json\session_8.json,,,
DOCKER,MACVLAN,QOS2 S-_C,sc,none,server,36.8470871114092,0.0,,,runs\2. DOCKER\3. MACVLAN\4. QoS2 S-_C\0. SERVER\server_json\session_9.json,,,
